t,pos_x,pos_y,pos_z,vel_x,vel_y,vel_z,quat_x,quat_y,quat_z,quat_w,omega_x,omega_y,omega_z
0.0,0.25663513,0.04953067,0.22919443,0.13769794,0.2130875,-0.016401289,1.0,0.0,0.0,0.0,5.053657,-7.956184,5.718468
0.03333333333333333,0.26122504,0.056633584,0.22864772,0.13769794,0.2130875,-0.17990129,0.9831726,0.083739914,-0.13183527,0.094755955,5.053657,-7.956184,5.718468
0.06666666666666667,0.265815,0.063736506,0.21720102,0.13769794,0.2130875,-0.50690126,0.9332568,0.16466159,-0.25923365,0.18632291,5.053657,-7.956184,5.718468
0.1,0.2704049,0.07083942,0.1948543,0.13769794,0.2130875,-0.8339013,0.85193247,0.24004161,-0.37790757,0.27161923,5.053657,-7.956184,5.718468
0.13333333333333333,0.27499485,0.077942334,0.16160761,0.13769794,0.2130875,-1.1609013,0.7419365,0.3073431,-0.48386312,0.34777427,5.053657,-7.956184,5.718468
0.16666666666666666,0.27958477,0.085045256,0.11746089,0.13769794,0.2130875,-1.4879013,0.60697085,0.364301,-0.57353437,0.41222504,5.053657,-7.956184,5.718468
0.2,0.2841747,0.09214817,0.06241418,0.10681081,0.18329357,-1.0541807,0.45157778,0.40899846,-0.64390343,0.46280247,5.053657,-7.956184,5.718468
0.23333333333333334,0.2867055,0.09726483,0.047182173,0.045036554,0.123705685,0.14026019,0.28452674,0.43556505,-0.73883265,0.42831525,-3.6097517,-13.036452,5.167742
0.26666666666666666,0.28717715,0.10039522,0.071764864,0.014149428,0.09391175,0.5739807,0.106778316,0.4351355,-0.84128875,0.3024711,-3.6097517,-13.036452,5.167742
0.3,0.2876488,0.10352561,0.08544755,0.014149428,0.09391175,0.24698068,-0.077155635,0.4094991,-0.89501005,0.15910521,-3.6097517,-13.036452,5.167742
0.3333333333333333,0.28812045,0.106656,0.08823024,0.014149428,0.09391175,-0.08001932,-0.25662005,0.360141,-0.8968846,0.006522567,-3.6097517,-13.036452,5.167742
0.36666666666666664,0.2885921,0.10978639,0.08011293,0.014149428,0.09391175,-0.40701932,-0.42121884,0.2899204,-0.8468039,-0.14643793,-3.6097517,-13.036452,5.167742
0.4,0.28906372,0.11291678,0.06109562,0.020218512,0.013592293,-0.69813424,-0.5614169,0.20290506,-0.74766886,-0.29091546,-3.6097517,-13.036452,5.167742
0.43333333333333335,0.28994,0.110692546,0.033570647,-0.04705413,-0.070780784,-0.2046754,-0.69723016,0.0827796,-0.6180074,-0.35367277,1.1661835,-13.540937,3.230852
0.4666666666666667,0.2859268,0.10819806,0.047450595,-0.12039586,-0.0748344,0.25289834,-0.6793402,-0.046517417,-0.6617839,-0.31364816,7.760651,-0.050408036,3.7302563
0.5,0.2819136,0.105703585,0.050430536,-0.12039586,-0.0748344,-0.07410166,-0.64748555,-0.17485821,-0.69195664,-0.26717612,7.760651,-0.050408036,3.7302563
0.5333333333333333,0.2779004,0.1032091,0.042510483,-0.11004142,-0.09032692,-0.19091566,-0.6023211,-0.2996046,-0.7079055,-0.21521202,7.760651,-0.050408036,3.7302563
0.5666666666666667,0.2745775,0.09968179,0.03770283,-0.08933253,-0.121311955,-0.09754365,-0.5668201,-0.43028212,-0.6898875,-0.13276869,9.434903,-4.67388,3.3069878
0.6,0.2719449,0.09512164,0.036007572,-0.09194106,-0.16597892,-0.037398975,-0.536147,-0.5597266,-0.6315345,-0.020411823,9.434903,-4.67388,3.3069878
0.6333333333333333,0.26844808,0.08861653,0.035209563,-0.1150235,-0.20458701,-0.0137118315,-0.5171023,-0.64810914,-0.5546001,0.07055844,5.9373693,-4.1744814,3.00491
0.6666666666666666,0.26427665,0.08148251,0.03509345,-0.12514298,-0.21402067,-0.0034833564,-0.49072778,-0.71638227,-0.47465852,0.14381234,5.9373693,-4.1744814,3.00491
0.7,0.26010522,0.07434848,0.03497734,-0.12514298,-0.21402067,-0.0034833564,-0.45595515,-0.7723955,-0.38659382,0.2146051,5.9373693,-4.1744814,3.00491
0.7333333333333333,0.2559338,0.06721446,0.034861226,-0.12567367,-0.21415548,-0.0022686862,-0.41337943,-0.81519026,-0.2919131,0.28172517,5.9373693,-4.1744814,3.00491
0.7666666666666666,0.25172698,0.06007145,0.034826092,-0.12743704,-0.21452014,0.0017301907,-0.36383614,-0.8441994,-0.19282126,0.3431771,5.8869004,-4.0555844,2.9953616
0.8,0.247438,0.05291312,0.03497657,-0.12973249,-0.2148026,0.006879271,-0.30843613,-0.85960263,-0.09178478,0.39689553,5.845572,-3.9223516,2.984669
0.8333333333333334,0.24307816,0.045751277,0.03528471,-0.13164009,-0.21473984,0.011142844,-0.24817316,-0.86173487,0.009784311,0.44241092,5.8284597,-3.805852,2.975622
0.8666666666666667,0.23866199,0.038597126,0.03571943,-0.13307199,-0.21437787,0.014465584,-0.18396504,-0.85091347,0.11063539,0.4794403,5.8353634,-3.713454,2.9686828
0.9,0.23420669,0.031459417,0.036249083,-0.13401249,-0.21242148,0.010326447,-0.11669407,-0.82737434,0.20957923,0.5078491,5.8607244,-3.6527336,2.9640598
0.9333333333333333,0.22972782,0.024435695,0.036407858,-0.13321808,-0.20542412,0.0050127394,-0.05261234,-0.7918899,0.30218735,0.5280389,5.3397818,-3.4637547,2.9559605
0.9666666666666667,0.22532548,0.017764477,0.036583267,-0.1296127,-0.1946965,-0.0026517254,0.005414069,-0.747314,0.38670027,0.540329,4.5806136,-3.0202072,2.951258
1.0,0.22108698,0.011455929,0.03623108,-0.12257053,-0.18240963,-0.00502644,0.052798532,-0.69837385,0.46124887,0.54473454,4.396988,-2.7677913,2.9432104
1.0333333333333332,0.21715412,0.005603836,0.03624817,-0.1107393,-0.16827752,0.001421187,0.09008661,-0.64898276,0.52805495,0.54024416,3.9559772,-1.9259895,2.9206614
1.0666666666666667,0.21370436,0.00023742835,0.036325824,-0.09430209,-0.15493874,-0.003103522,0.12081114,-0.5994311,0.59010684,0.5271251,3.812056,-1.4142808,2.909008
1.1,0.21086732,-0.0047254134,0.036041267,-0.07551451,-0.14477015,-0.0066419044,0.14648463,-0.54950833,0.6484497,0.50605905,3.842756,-0.81956464,2.8903964
1.1333333333333333,0.20867006,-0.009413915,0.035883028,-0.05461781,-0.13830438,-0.002615238,0.16456445,-0.501198,0.7036429,0.47603124,3.901606,-0.5740917,2.8808544
1.1666666666666667,0.20722613,-0.013945705,0.03586692,-0.03473273,-0.13564424,-0.0012162743,0.17888655,-0.45206532,0.7557516,0.43872094,4.035454,-0.59489477,2.8653955
1.2,0.20635454,-0.018456863,0.035801943,-0.022675242,-0.13595988,0.00038571816,0.19493462,-0.39835733,0.8027324,0.39866346,4.110161,-0.46568847,2.8610578
1.2333333333333334,0.20571443,-0.023009697,0.03589263,-0.017033268,-0.13741249,0.0037069893,0.2089472,-0.34219885,0.8446549,0.3546817,4.149978,-0.42168835,2.8596485
1.2666666666666666,0.20521899,-0.027617697,0.036049075,-0.013521095,-0.1390519,0.0017432452,0.22095563,-0.28382552,0.8809917,0.3073684,4.157188,-0.4260982,2.8589795
1.3,0.20481303,-0.032279823,0.03600885,-0.011129929,-0.14080077,0.0032092826,0.23103786,-0.22348954,0.9113061,0.2572842,4.1871867,-0.3865724,2.8588336
1.3333333333333333,0.204477,-0.037004415,0.03626303,-0.009515862,-0.14253733,0.005523373,0.23933645,-0.16156662,0.9351537,0.20518735,4.1915565,-0.38096267,2.8588712
1.3666666666666667,0.20417865,-0.041782312,0.036377076,-0.008469539,-0.14428583,0.0013215,0.24574734,-0.09851446,0.9523223,0.15160938,4.1902456,-0.36898327,2.859434
1.4,0.20391236,-0.04662347,0.03635113,-0.0076219817,-0.14619283,0.0025360119,0.25014812,-0.0348232,0.96269643,0.09710236,4.173575,-0.33862373,2.8608167
1.4333333333333333,0.20367052,-0.051528502,0.03654614,-0.0069962237,-0.14789303,0.0015654274,0.2523228,0.029056765,0.9662937,0.042016868,4.169325,-0.31946513,2.8613358
1.4666666666666666,0.20344594,-0.056483004,0.03645549,-0.0064292084,-0.14905228,0.0007794808,0.2520942,0.09268293,0.9631635,-0.013209735,4.1617365,-0.27930373,2.8620262
1.5,0.2032419,-0.06146532,0.03659811,-0.005608838,-0.14935338,-0.00012719657,0.24921632,0.1556245,0.9534358,-0.06806233,4.144573,-0.2102498,2.8624399
1.5333333333333332,0.20307203,-0.0664399,0.03644701,-0.004064635,-0.14853826,-0.001477241,0.2435317,0.21747047,0.9372995,-0.12193653,4.1209693,-0.13287173,2.8622653
1.5666666666666667,0.20297092,-0.071367875,0.036499623,-0.0014875596,-0.14675352,-0.00078689295,0.23470479,0.27786392,0.91509604,-0.17408188,4.0827446,-0.013091378,2.8614366
1.6,0.20297286,-0.07622346,0.03639455,0.002218461,-0.1443966,-0.0033223368,0.22255011,0.33654875,0.88717204,-0.22390217,4.042001,0.13124456,2.8601303
1.6333333333333333,0.20311882,-0.080994315,0.036278136,0.007175751,-0.14191158,-0.004023198,0.20688888,0.39333725,0.85387903,-0.2708753,4.021387,0.25875282,2.8585749
1.6666666666666667,0.20345123,-0.08568424,0.036126338,0.013076713,-0.1398118,-0.0027958285,0.18749595,0.4481488,0.81548685,-0.31462544,4.0052466,0.44836807,2.8564088
1.7,0.2039906,-0.090315096,0.03609175,0.01935589,-0.1385013,-0.0021189156,0.16442856,0.50080204,0.7721158,-0.3549615,4.015932,0.6033956,2.854232
1.7333333333333334,0.20474163,-0.094917655,0.03598508,0.025439456,-0.13812779,-0.0018134613,0.13784665,0.5510311,0.72373384,-0.39188305,4.0539093,0.76039267,2.8514962
1.7666666666666666,0.20568657,-0.09952362,0.035970848,0.020502659,-0.07420565,-0.0038691787,0.10814753,0.5983668,0.6702775,-0.42542845,4.1292014,0.91155934,2.8478496
1.8,0.20610848,-0.0998647,0.035727132,0.011272052,0.031132225,0.0010686711,0.082217656,0.6238239,0.6400775,-0.44089103,0.86574376,0.93440706,-0.18065536
1.8333333333333333,0.20643803,-0.09744814,0.036042094,0.01813715,0.06940108,0.0064376406,0.08893727,0.6289067,0.6533492,-0.41194817,-1.6485969,1.1497617,0.020987703
1.8666666666666667,0.20731762,-0.09523796,0.036156308,0.028669832,0.06553417,0.0033595383,0.09860268,0.63184506,0.6661734,-0.38374776,-1.7578566,0.8670592,0.021394283
1.9,0.20834936,-0.093079194,0.036266062,0.032923978,0.06413961,0.0006403092,0.10656509,0.6348664,0.678225,-0.35439995,-1.7244239,0.96638346,0.021357177
1.9333333333333333,0.20951255,-0.090961985,0.036198996,0.03677393,0.06294396,0.0005580899,0.11307058,0.63778335,0.689521,-0.32404968,-1.6964304,1.0509293,0.02128369
1.9666666666666666,0.21080095,-0.08888293,0.03630327,0.040290892,0.06187273,0.0031689138,0.11819567,0.6404936,0.7000557,-0.29277945,-1.6608832,1.1540258,0.021116605
2.0,0.21219862,-0.08683714,0.036410257,0.04340868,0.06090255,0.0007497916,0.12211666,0.642862,0.7098136,-0.260731,-1.6401192,1.2084644,0.020987833
2.033333333333333,0.21369487,-0.08482276,0.036353257,0.046196673,0.05996101,0.0009897068,0.124940254,0.6447956,0.7187705,-0.22802976,-1.6207805,1.2523569,0.020848874
2.0666666666666664,0.21527839,-0.08283974,0.036476236,0.048491538,0.059052587,0.00130635,0.12679213,0.64620453,0.7268969,-0.1948445,-1.5937519,1.3007346,0.020661121
2.1,0.21692763,-0.08088592,0.036440346,0.050149634,0.058195025,-0.0008848316,0.12787318,0.6470026,0.73416245,-0.16137429,-1.5681534,1.3262826,0.020469172
2.1333333333333333,0.2186217,-0.07896007,0.03641725,0.051194254,0.057306193,-0.00048431658,0.12839873,0.64712644,0.74053943,-0.12783779,-1.5515087,1.3304988,0.020340094
2.1666666666666665,0.22034058,-0.077065505,0.03640806,0.05154112,0.05634667,-7.184118e-05,0.12855189,0.6465479,0.7460026,-0.094500124,-1.526584,1.3214813,0.020167232
2.2,0.22205777,-0.07520363,0.03641246,0.051075246,0.055336483,0.00031186044,0.12858811,0.6452599,0.75053596,-0.061648298,-1.4930024,1.2801259,0.019948661
2.2333333333333334,0.2237456,-0.07337641,0.03642885,0.049778353,0.054259412,-0.0019078674,0.12876013,0.64329064,0.7541377,-0.029569417,-1.4669621,1.2291086,0.01979311
2.2666666666666666,0.22537632,-0.07158633,0.036285266,0.047560424,0.053077627,-0.0016344688,0.12933445,0.6407001,0.7568183,0.0014390846,-1.4401349,1.1614883,0.019634033
2.3,0.2269163,-0.0698379,0.036319885,0.044484183,0.051820703,-0.0014547736,0.13063961,0.6375853,0.75858885,0.03100407,-1.4027461,1.0475078,0.019423382
2.3333333333333335,0.22834194,-0.06813162,0.036188282,0.040623717,0.050502148,-0.0039440035,0.13290302,0.63406396,0.7594923,0.058916915,-1.3632206,0.90739155,0.019205341
2.3666666666666667,0.22962454,-0.06647109,0.03605695,0.03577263,0.049041044,-0.0014494596,0.13639612,0.6302793,0.7595645,0.084887184,-1.3320718,0.78635484,0.019031435
2.4,0.23072678,-0.064862214,0.03609165,0.030306695,0.04752807,-0.0016269657,0.14147048,0.6264135,0.7588241,0.10852733,-1.2881672,0.60806966,0.01883108
2.433333333333333,0.23164499,-0.063302554,0.035948485,0.024286665,0.04595876,-0.0044793785,0.14817318,0.62259424,0.7573371,0.12985219,-1.2414266,0.4073683,0.018606054
2.466666666666667,0.2323459,-0.061798297,0.035793025,0.017469402,0.044245984,-0.0023542217,0.15679666,0.6190064,0.7551072,0.14852275,-1.2043189,0.24485624,0.018437453
2.5,0.23280962,-0.06035282,0.03579154,0.010361832,0.042493872,-0.0028760943,0.16751848,0.6158118,0.7521333,0.16434377,-1.1515967,0.0149307465,0.018257054
2.533333333333333,0.23303668,-0.058965374,0.035601288,0.0032051795,0.040736187,-0.0034600482,0.18031548,0.6130986,0.7484281,0.17734647,-1.0947344,-0.23133177,0.018078951
2.5666666666666664,0.2330233,-0.057637073,0.03556087,-0.004180921,0.038903072,-0.0041109845,0.19519348,0.61094385,0.74397075,0.18749578,-1.0487306,-0.4261551,0.017951204
2.6,0.23275796,-0.056371834,0.035327222,-0.011585035,0.037024766,-0.0047997204,0.21221301,0.60943705,0.7386908,0.19464853,-0.9995093,-0.62670505,0.017870456
2.6333333333333333,0.23225096,-0.055168755,0.03524089,-0.01879536,0.035132296,-0.0029426396,0.23122779,0.6085683,0.7325416,0.1988997,-0.94627774,-0.8340737,0.017819352
2.6666666666666665,0.23150493,-0.05402968,0.035131045,-0.02605074,0.03314167,-0.0011082174,0.25214222,0.6083379,0.7254335,0.20023863,-0.8884356,-1.0467014,0.017817507
2.7,0.23051424,-0.05295931,0.035167005,-0.032987695,0.03114129,-0.001809624,0.27490598,0.6087551,0.71723235,0.19854903,-0.8254645,-1.2635745,0.017870748
2.7333333333333334,0.22930574,-0.051953595,0.035010405,-0.03924914,0.029230565,-0.0024536105,0.2991963,0.60968614,0.7078809,0.19408496,-0.75594515,-1.4846879,0.017994922
2.7666666666666666,0.22789763,-0.051010605,0.03500343,-0.045111414,0.027329942,-0.00051179674,0.32475477,0.61101335,0.6972993,0.18700455,-0.70501673,-1.6343229,0.018134512
2.8,0.22629832,-0.0501316,0.034976285,-0.05071107,0.025399972,-0.0011085919,0.35138476,0.61265165,0.6853712,0.17734993,-0.65042293,-1.7851038,0.018307164
2.8333333333333335,0.2245169,-0.049317274,0.034929525,-0.05603391,0.023450663,-0.0016920669,0.37887678,0.61449856,0.6719816,0.16518076,-0.59144855,-1.937278,0.018536737
2.8666666666666667,0.22256273,-0.048568223,0.03486348,-0.061071936,0.021494916,-0.0022665407,0.40700853,0.6164448,0.65701514,0.15056853,-0.5283804,-2.0904288,0.018787358
2.9,0.22044544,-0.04788428,0.034778424,-0.065488994,0.019694475,-0.0027959282,0.43555468,0.6183649,0.6403639,0.13360788,-0.4608583,-2.2448936,0.019074544
2.933333333333333,0.2181968,-0.047255255,0.034677085,-0.06961153,0.017931102,-0.000770244,0.46417284,0.6200286,0.62205505,0.114697814,-0.42531356,-2.3227727,0.019227214
2.966666666666667,0.21580467,-0.046688873,0.034727074,-0.0734349,0.016236726,0.0012586002,0.49275872,0.621408,0.6018846,0.09367997,-0.35127014,-2.4799774,0.019519387
3.0,0.21330114,-0.04617281,0.03476099,-0.076624,0.014781117,0.0007814017,0.52099323,0.62225807,0.57993066,0.071003065,-0.3130266,-2.5595608,0.019640666
3.033333333333333,0.2106964,-0.045703467,0.034779165,-0.07950572,0.0134421615,0.0003138835,0.54868114,0.6224383,0.5561702,0.04684277,-0.27419472,-2.6399946,0.019737167
3.0666666666666664,0.20800075,-0.045276664,0.034781918,-0.08224924,0.012154795,-0.00016121389,0.5756353,0.6218109,0.53060126,0.021388765,-0.2352328,-2.7216163,0.019778894
3.1,0.20521311,-0.044893146,0.034768417,-0.08467644,0.011014591,-0.00060348335,0.6017145,0.62028414,0.5031492,-0.005303319,-0.19687264,-2.8043344,0.019738238
3.1333333333333333,0.20235565,-0.044542357,0.034741685,-0.08678099,0.010032157,-0.001012027,0.62670535,0.61767155,0.47396415,-0.032867074,-0.16007988,-2.88846,0.019565899
3.1666666666666665,0.19942771,-0.044224337,0.03470095,-0.089087114,0.008971625,0.0010993017,0.65047765,0.613891,0.44302145,-0.061226636,-0.1252646,-2.9742866,0.01926216
3.2,0.19641651,-0.04394425,0.034814972,-0.09106096,0.008084653,0.0007186965,0.6729298,0.6088864,0.41017556,-0.090436615,-0.1252646,-2.9742866,0.01926216
3.2333333333333334,0.19335699,-0.043685358,0.034748863,-0.09251094,0.0074488157,0.00042422948,0.6938451,0.60246736,0.37579325,-0.11996456,-0.094888665,-3.0614057,0.018698733
3.2666666666666666,0.19024912,-0.043447662,0.034843255,-0.09452049,0.0066038175,8.222205e-05,0.7130967,0.5945845,0.33991918,-0.14972429,-0.094888665,-3.0614057,0.018698733
3.3,0.18705562,-0.043245103,0.034754343,-0.09598856,0.006001441,-0.002695064,0.73064756,0.5851973,0.3021615,-0.1799906,-0.06796329,-3.1500912,0.01801143
3.3333333333333335,0.18384989,-0.043047566,0.03466358,-0.09765312,0.005364944,-0.0003390979,0.7462133,0.57420874,0.26343122,-0.20989034,-0.06796329,-3.1500912,0.01801143
3.3666666666666667,0.1805454,-0.04288744,0.03473174,-0.099319026,0.0047404086,-0.0005169374,0.7598366,0.5615545,0.22278921,-0.24014537,-0.045917567,-3.23833,0.017179102
3.4,0.17722861,-0.04273154,0.03462912,-0.10079776,0.0042337156,-0.00057248236,0.7712563,0.5472473,0.18134813,-0.26980904,-0.025969654,-3.3253765,0.016462373
3.433333333333333,0.17382556,-0.042605195,0.034693573,-0.10264089,0.0036187596,-0.0006179285,0.7804283,0.53117734,0.13831359,-0.29941884,-0.025969654,-3.3253765,0.016462373
3.466666666666667,0.17038588,-0.04249029,0.034587923,-0.10410553,0.0031611598,-0.0006095135,0.787187,0.51340246,0.09440435,-0.32839367,-0.0059273927,-3.409044,0.01602554
3.5,0.1668852,-0.042394448,0.034652937,-0.10591591,0.00261018,-0.0005499705,0.7914159,0.49387333,0.049446277,-0.35679832,-0.0059273927,-3.409044,0.01602554
3.533333333333333,0.16332483,-0.042316277,0.03455126,-0.107347876,0.0021862127,-0.0030178041,0.7929819,0.47261065,0.003581173,-0.3844555,0.01613563,-3.4893959,0.015905045
3.5666666666666664,0.15972866,-0.042248704,0.034451753,-0.109277025,0.0016159832,-0.00034582693,0.7918243,0.4496801,-0.042743746,-0.41106585,0.01613563,-3.4893959,0.015905045
3.6,0.1560397,-0.042208545,0.034528203,-0.111173466,0.0010468842,-0.00022546362,0.7876857,0.42501062,-0.090102226,-0.43680522,0.041689605,-3.5656698,0.016110107
3.6333333333333333,0.1523171,-0.04217891,0.03443672,-0.11251819,0.0006259314,-0.00013041371,0.7806263,0.3987778,-0.13758804,-0.4611598,0.07217516,-3.6390562,0.016602129
3.6666666666666665,0.14853849,-0.042166814,0.03451951,-0.114171565,7.9118676e-05,-3.7464983e-05,0.770499,0.3709926,-0.1853154,-0.48410124,0.07217516,-3.6390562,0.016602129
3.6999999999999997,0.14470567,-0.042173635,0.03443422,-0.11547225,-0.00037482896,1.620306e-05,0.7572325,0.34176388,-0.23310809,-0.50542754,0.109005794,-3.7094376,0.017380778
3.7333333333333334,0.14084034,-0.042191803,0.03452059,-0.11706523,-0.0009919174,-1.4067617e-05,0.7409082,0.31119072,-0.28046328,-0.524934,0.109005794,-3.7094376,0.017380778
3.7666666666666666,0.13690132,-0.042239763,0.034433287,-0.11832835,-0.0015026124,-7.1663264e-05,0.7212384,0.27933574,-0.32780197,-0.54252434,0.15156148,-3.7783358,0.018291809
3.8,0.13295178,-0.042291977,0.034515813,-0.11941699,-0.0020018623,-0.00023192646,0.6986383,0.24636127,-0.37399283,-0.55797845,0.15156148,-3.7783358,0.018291809
3.8333333333333335,0.12894018,-0.04237322,0.034417823,-0.120658,-0.0025824131,-0.00043601144,0.67276007,0.21233737,-0.41963518,-0.5711506,0.20135207,-3.847782,0.019353107
3.8666666666666667,0.12490791,-0.04246414,0.034486745,-0.12096825,-0.002727551,0.0020676549,0.64395344,0.17741878,-0.46386734,-0.58195674,0.20135207,-3.847782,0.019353107
3.9,0.120875634,-0.042555057,0.034555666,-0.1219059,-0.0032285044,-0.0009065636,0.61249214,0.1417688,-0.50618726,-0.59036386,0.20135207,-3.847782,0.019353107
3.933333333333333,0.11678085,-0.042679373,0.03442631,-0.12315609,-0.0038964427,-0.0014659382,0.5779262,0.10539067,-0.547346,-0.5960759,0.25522313,-3.9205952,0.020294564
3.966666666666667,0.11266523,-0.04281482,0.034457937,-0.12346864,-0.0040634274,0.0009489057,0.5407021,0.06851549,-0.586478,-0.59915805,0.25522313,-3.9205952,0.020294564
4.0,0.1085496,-0.04295027,0.03448957,-0.12346864,-0.0040634274,0.0009489057,0.50116044,0.031346638,-0.6230963,-0.5996721,0.25522313,-3.9205952,0.020294564
4.033333333333333,0.10443398,-0.043085717,0.0345212,-0.12346864,-0.0040634274,0.0009489057,0.45947072,-0.0059565757,-0.65704376,-0.5976158,0.25522313,-3.9205952,0.020294564
4.066666666666666,0.100318365,-0.043221164,0.034552827,-0.12346864,-0.0040634274,0.0009489057,0.4158116,-0.043234255,-0.688175,-0.59299797,0.25522313,-3.9205952,0.020294564
4.1,0.09620274,-0.043356612,0.03458446,-0.12346864,-0.0040634274,0.0009489057,0.3703702,-0.080326624,-0.71635664,-0.58583844,0.25522313,-3.9205952,0.020294564
4.133333333333333,0.09208712,-0.043492056,0.03461609,-0.123951875,-0.0043448857,-0.0019525355,0.3233413,-0.1170747,-0.7414678,-0.5761679,0.25522313,-3.9205952,0.020294564
4.166666666666667,0.087939285,-0.04364627,0.03445429,-0.1252405,-0.0050954414,-0.002877212,0.2745379,-0.15356374,-0.7636551,-0.56380665,0.28501853,-4.006582,0.018954802
4.2,0.08373775,-0.043831754,0.034424275,-0.1260459,-0.0055645383,-0.000900447,0.22387499,-0.18977766,-0.78289086,-0.5485858,0.28501853,-4.006582,0.018954802
4.233333333333333,0.07953622,-0.04401724,0.03439426,-0.1260459,-0.0055645383,-0.000900447,0.17220916,-0.2251414,-0.79861933,-0.5309073,0.28501853,-4.006582,0.018954802
4.266666666666667,0.07533469,-0.044202723,0.034364246,-0.1260459,-0.0055645383,-0.000900447,0.11977185,-0.25949654,-0.8107701,-0.5108504,0.28501853,-4.006582,0.018954802
4.3,0.07113316,-0.04438821,0.03433423,-0.1260459,-0.0055645383,-0.000900447,0.06679799,-0.29268917,-0.8192887,-0.488505,0.28501853,-4.006582,0.018954802
4.333333333333333,0.066931635,-0.044573694,0.034304217,-0.1260459,-0.0055645383,-0.000900447,0.013524869,-0.3245706,-0.824137,-0.46397114,0.28501853,-4.006582,0.018954802
4.366666666666666,0.062730104,-0.044759177,0.0342742,-0.1260459,-0.0055645383,-0.000900447,-0.039808836,-0.354998,-0.8252933,-0.43735877,0.28501853,-4.006582,0.018954802
4.4,0.058528572,-0.044944663,0.034244187,-0.1260459,-0.0055645383,-0.000900447,-0.0929642,-0.38383502,-0.82275236,-0.40878707,0.28501853,-4.006582,0.018954802
4.433333333333334,0.05432704,-0.045130145,0.034214173,-0.1260459,-0.0055645383,-0.000900447,-0.14570309,-0.41095254,-0.81652564,-0.37838408,0.28501853,-4.006582,0.018954802
4.466666666666667,0.050125513,-0.04531563,0.034184154,-0.1260459,-0.0055645383,-0.000900447,-0.19778927,-0.43622905,-0.806641,-0.34628597,0.28501853,-4.006582,0.018954802
4.5,0.04592398,-0.045501117,0.03415414,-0.1260459,-0.0055645383,-0.000900447,-0.24898937,-0.4595513,-0.7931427,-0.31263655,0.28501853,-4.006582,0.018954802
4.533333333333333,0.04172245,-0.0456866,0.034124125,-0.1260459,-0.0055645383,-0.000900447,-0.29907402,-0.48081484,-0.77609116,-0.27758655,0.28501853,-4.006582,0.018954802
4.566666666666666,0.037520923,-0.045872085,0.03409411,-0.1260459,-0.0055645383,-0.000900447,-0.34781888,-0.4999244,-0.7555629,-0.24129301,0.28501853,-4.006582,0.018954802
4.6,0.03331939,-0.04605757,0.034064095,-0.1260459,-0.0055645383,-0.000900447,-0.39500555,-0.5167943,-0.7316498,-0.20391852,0.28501853,-4.006582,0.018954802
4.633333333333333,0.029117862,-0.046243053,0.03403408,-0.1260459,-0.0055645383,-0.000900447,-0.44042262,-0.5313491,-0.7044591,-0.16563047,0.28501853,-4.006582,0.018954802
4.666666666666667,0.02491633,-0.04642854,0.034004066,-0.1260459,-0.0055645383,-0.000900447,-0.4838667,-0.54352355,-0.6741124,-0.12660044,0.28501853,-4.006582,0.018954802
4.7,0.0207148,-0.046614025,0.03397405,-0.1260459,-0.0055645383,-0.000900447,-0.5251431,-0.553263,-0.6407458,-0.08700326,0.28501853,-4.006582,0.018954802
4.733333333333333,0.016513271,-0.046799507,0.033944037,-0.1260459,-0.0055645383,-0.000900447,-0.56406695,-0.560524,-0.60450876,-0.04701631,0.28501853,-4.006582,0.018954802
4.766666666666667,0.012311741,-0.046984993,0.033914022,-0.1260459,-0.0055645383,-0.000900447,-0.6004638,-0.5652738,-0.5655636,-0.0068187336,0.28501853,-4.006582,0.018954802
4.8,0.00811021,-0.04717048,0.033884007,-0.1260459,-0.0055645383,-0.000900447,-0.6341707,-0.56749135,-0.5240848,0.03340939,0.28501853,-4.006582,0.018954802
4.833333333333333,0.00390868,-0.04735596,0.033853993,-0.1260459,-0.0055645383,-0.000900447,-0.6650366,-0.5671666,-0.48025814,0.07348784,0.28501853,-4.006582,0.018954802
4.866666666666666,-0.0002928501,-0.047541447,0.03382398,-0.1260459,-0.0055645383,-0.000900447,-0.6929232,-0.564301,-0.43428,0.11323708,0.28501853,-4.006582,0.018954802
4.9,-0.00449438,-0.047726933,0.033793963,-0.1260459,-0.0055645383,-0.000900447,-0.7177056,-0.55890745,-0.38635635,0.15247904,0.28501853,-4.006582,0.018954802
4.933333333333334,-0.008695911,-0.047912415,0.03376395,-0.1260459,-0.0055645383,-0.000900447,-0.73927283,-0.55101,-0.33670187,0.1910379,0.28501853,-4.006582,0.018954802
4.966666666666667,-0.01289744,-0.0480979,0.03373393,-0.1260459,-0.0055645383,-0.000900447,-0.7575282,-0.54064417,-0.28553903,0.22874095,0.28501853,-4.006582,0.018954802
