frame,center_x,center_y,center_z,lin_vel_x,lin_vel_y,lin_vel_z,quat_x,quat_y,quat_z,quat_w,ang_vel_x,ang_vel_y,ang_vel_z,marker_dir_x,marker_dir_y,marker_dir_z,theta,phi
0,0.4748046,-0.11374865,0.8256123,0.24055241,-0.032752976,-0.106209844,-0.0017907855,0.009780379,0.0038553094,0.99994314,-0.85959333,4.6946707,1.8505837,0.019545838,0.00365678,0.9998023,0.019886276,0.18494932
1,0.47881168,-0.11429424,0.82214034,0.24034443,-0.03272466,-0.2695642,-0.008931652,0.048780233,0.01922859,0.9985845,-0.8560966,4.6755733,1.8430557,0.097078875,0.019713966,0.9950814,0.09922306,0.2003473
2,0.4828151,-0.11483934,0.8159475,0.24011843,-0.032693885,-0.43275195,-0.016027479,0.08753411,0.03450491,0.99543476,-0.85262597,4.6566186,1.8355839,0.17316292,0.03794933,0.9841618,0.1782144,0.21574314
3,0.48681453,-0.115383886,0.8070369,0.23987032,-0.032660104,-0.5957402,-0.023066014,0.12597509,0.04965789,0.99052125,-0.84918106,4.637804,1.8281674,0.24727118,0.058206066,0.96719646,0.25684416,0.23118497
4,0.49080956,-0.11592784,0.7954122,0.23959857,-0.032623105,-0.7584945,-0.030035356,0.16403817,0.0646619,0.9838741,-0.8457616,4.6191287,1.8208059,0.3189015,0.08031605,0.94437873,0.3350961,0.24672116
5,0.49479982,-0.11647114,0.7810777,0.23930249,-0.03258279,-0.9209801,-0.036923964,0.20166032,0.07949211,0.97552586,-0.84236735,4.600591,1.8134985,0.3875794,0.10410138,0.91593945,0.41295367,0.2624006
6,0.49878487,-0.11701374,0.7640382,0.23898181,-0.032539126,-1.0831624,-0.04372068,0.23878059,0.09412448,0.96551174,-0.838998,4.582189,1.8062447,0.45286056,0.12937587,0.88214463,0.49039975,0.2782734
7,0.50276434,-0.11755557,0.7442992,0.23863642,-0.0324921,-1.2450069,-0.05041473,0.27534014,0.108535826,0.95386904,-0.83565325,4.563922,1.799044,0.5143333,0.15594661,0.8432923,0.5674165,0.29439136
8,0.50673777,-0.11809659,0.72186655,0.23826633,-0.03244171,-1.4064797,-0.05699573,0.3112823,0.1227038,0.94063735,-0.8323329,4.545788,1.7918957,0.57162035,0.18361567,0.7997096,0.6439849,0.3108089
9,0.5107048,-0.11863673,0.6967469,0.23787162,-0.032387964,-1.5675467,-0.06345372,0.3465526,0.13660693,0.92585826,-0.82903665,4.5277853,1.7847995,0.6243807,0.21218126,0.7517498,0.7200848,0.32758316
10,0.514665,-0.11917593,0.6689473,0.23745237,-0.032330886,-1.7281746,-0.06977912,0.3810988,0.15022464,0.9095752,-0.82576424,4.5099134,1.7777544,0.672311,0.2414396,0.69978917,0.79569405,0.34477538
11,0.518618,-0.119714156,0.6384755,0.23700878,-0.032270484,-1.8883301,-0.075962804,0.41487104,0.16353725,0.89183366,-0.8225154,4.49217,1.7707602,0.71514636,0.27118608,0.6442234,0.8707889,0.36245093
12,0.5225633,-0.12025134,0.6053396,0.23654097,-0.03220679,-2.0479805,-0.08199605,0.44782165,0.17652598,0.87268037,-0.8192899,4.4745536,1.7638161,0.7526614,0.301217,0.58546484,0.94534296,0.38068095
13,0.5265005,-0.12078743,0.5695484,0.23604918,-0.032139827,-2.2070935,-0.087870575,0.47990534,0.189173,0.85216385,-0.81608754,4.4570637,1.7569218,0.7846704,0.33133054,0.5239393,1.019327,0.39954278
14,0.53042936,-0.12132236,0.5311113,0.23553358,-0.032069623,-2.3656373,-0.09357852,0.51107925,0.20146139,0.8303339,-0.81290793,4.4396987,1.7500765,0.8110279,0.3613283,0.46008214,1.0927086,0.41912127
15,0.5343493,-0.12185609,0.49003795,0.23499443,-0.031996217,-2.5235806,-0.09911245,0.54130286,0.21337517,0.8072416,-0.809751,4.4224567,1.74328,0.8316281,0.39101654,0.39433593,1.1654512,0.43950993
16,0.53826004,-0.12238857,0.44633877,0.23443197,-0.031919632,-2.6808922,-0.10446538,0.5705379,0.22489929,0.7829392,-0.8066163,4.405337,1.7365316,0.8464046,0.4202072,0.32714692,1.2375135,0.46081272
17,0.54216117,-0.12291974,0.4000246,0.23384646,-0.03183991,-2.837542,-0.10963077,0.5987487,0.23601964,0.7574799,-0.8035038,4.3883376,1.7298307,0.8553302,0.4487191,0.25896218,1.3088487,0.48314518
18,0.54605234,-0.12344955,0.35110673,0.23323818,-0.03175709,-2.9935,-0.11460249,0.62590176,0.24672306,0.73091793,-0.8004132,4.3714585,1.7231771,0.8584155,0.4763788,0.19022653,1.3794035,0.5066367
19,0.5499331,-0.123977944,0.29959705,0.2326074,-0.031671204,-3.148737,-0.119374864,0.6519661,0.25699732,0.7033081,-0.7973442,4.354697,1.71657,0.855708,0.50302166,0.121379755,1.4491165,0.53143233
20,0.5538031,-0.12450487,0.24550787,0.23195441,-0.031582296,-3.303224,-0.12394264,0.676913,0.2668311,0.674706,-0.7942967,4.3380527,1.7100091,0.847291,0.52849257,0.05285395,1.5179178,0.5576955
21,0.557662,-0.1250303,0.18885197,0.23127952,-0.031490404,-3.4569335,-0.12830101,0.7007162,0.27621403,0.64516777,-0.7912703,4.3215246,1.7034938,0.83328193,0.55264664,-0.014928713,1.5857255,0.5856105
22,0.56150943,-0.12555414,0.12964259,0.23058307,-0.031395577,-3.6098375,-0.13244556,0.7233517,0.2851367,0.61474997,-0.78826493,4.305111,1.6970236,0.81383073,0.57535005,-0.08155906,1.652446,0.61538535
23,0.5660531,-0.12564474,0.13018662,0.2865794,0.0032080514,1.2181363,-0.13417982,0.7373001,0.29347754,0.593511,-0.027926406,2.494702,1.1250157,0.79643387,0.5920364,-0.12323128,1.6943417,0.6392374
24,0.570825,-0.12559132,0.14876768,0.286161,0.0032033678,1.052946,-0.13509272,0.7482396,0.30157018,0.5752764,-0.02785695,2.4884975,1.1222177,0.7794093,0.60672474,-0.15622503,1.7276639,0.66145676
25,0.57559025,-0.12553798,0.16459922,0.28577363,0.0031990313,0.8881023,-0.13593358,0.7587654,0.30948693,0.5567899,-0.02778779,2.4823194,1.1194315,0.7608065,0.6210288,-0.18840577,1.760335,0.6845874
26,0.5803494,-0.1254847,0.17768666,0.28541666,0.0031950355,0.72356826,-0.13670248,0.7688751,0.31722495,0.538063,-0.027718928,2.476168,1.1166574,0.7406756,0.6349219,-0.21971306,1.7923167,0.7086707
27,0.5851029,-0.1254315,0.18803474,0.28508934,0.0031913712,0.55930746,-0.13739955,0.77856654,0.3247816,0.5191073,-0.027650362,2.4700427,1.1138952,0.7190695,0.64837843,-0.25008905,1.8235686,0.73374856
28,0.58985126,-0.12537834,0.19564767,0.28479028,0.0031880236,0.39528388,-0.13802497,0.7878378,0.33215427,0.49993423,-0.027582087,2.4639437,1.1111448,0.696043,0.6613742,-0.27947858,1.8540473,0.75986344
29,0.5945949,-0.12532525,0.20052902,0.28451702,0.0031849646,0.23146239,-0.13857895,0.7966872,0.33934057,0.48055524,-0.027514104,2.4578707,1.1084061,0.6716535,0.6738863,-0.3078293,1.883707,0.7870576
30,0.5993342,-0.12527218,0.20268182,0.28426415,0.0031821337,0.06781045,-0.13906173,0.8051133,0.34633815,0.46098182,-0.027446412,2.4518235,1.105679,0.64596045,0.6858928,-0.33509123,1.9124984,0.81537175
31,0.60406935,-0.12521918,0.20210864,0.28402016,0.0031794023,-0.09569515,-0.1394736,0.81311506,0.35314485,0.4412253,-0.027379006,2.4458022,1.1029636,0.61902505,0.69737333,-0.36121795,1.9403701,0.8448452
32,0.6088004,-0.12516622,0.19881184,0.28376898,0.003176591,-0.25905564,-0.13981485,0.82069135,0.35975868,0.42129704,-0.027311886,2.4398062,1.1002597,0.59091043,0.7083089,-0.386165,1.9672668,0.87551415
33,0.6135271,-0.12511331,0.19279407,0.28349876,0.0031735657,-0.4222495,-0.14008585,0.8278416,0.36617762,0.4012084,-0.027245048,2.4338355,1.0975672,0.5616814,0.7186814,-0.40989155,1.9931315,0.9074105
34,0.61824906,-0.12506045,0.18405843,0.28320387,0.003170265,-0.5852453,-0.14028695,0.8345653,0.37239996,0.3809706,-0.027178494,2.4278903,1.0948861,0.53140396,0.7284746,-0.43235934,2.017904,0.9405612
35,0.6229658,-0.12500764,0.17260855,0.28288195,0.0031666611,-0.7480091,-0.14041857,0.8408622,0.378424,0.36059484,-0.027112221,2.42197,1.0922163,0.5001457,0.7376733,-0.45353326,2.041522,0.9749856
36,0.6276769,-0.12495491,0.1584487,0.2825319,0.0031627424,-0.91050625,-0.14048117,0.8467323,0.38424817,0.34009227,-0.027046226,2.4160745,1.0895575,0.467975,0.7462638,-0.47338116,2.0639217,1.0106951
37,0.63238186,-0.12490224,0.14158364,0.28215316,0.003158503,-1.0727022,-0.14047521,0.85217583,0.3898711,0.31947392,-0.026980506,2.4102037,1.0869101,0.4349615,0.7542338,-0.49187383,2.085037,1.0476905
38,0.6370802,-0.12484965,0.122018754,0.28174558,0.0031539402,-1.2345626,-0.1404012,0.8571932,0.39529142,0.29875076,-0.026915064,2.4043577,1.0842737,0.4011755,0.7615722,-0.50898534,2.104802,1.0859606
39,0.6416986,-0.12479795,0.115593955,0.2725826,0.0030513671,0.5036768,-0.13952787,0.86188453,0.4002364,0.2783844,-0.026566602,2.373229,0.86557204,0.36818215,0.7675999,-0.5246259,2.123072,1.1235578
40,0.64623874,-0.12474713,0.12228049,0.2723065,0.0030482765,0.3397275,-0.13786261,0.8662748,0.40471753,0.2583904,-0.026504243,2.3676584,0.8635403,0.33608335,0.772438,-0.5388762,2.1398988,1.160407
41,0.6507745,-0.12469635,0.12623657,0.27205414,0.0030454514,0.17596848,-0.13614056,0.8702733,0.40900996,0.23832951,-0.026442133,2.3621101,0.8615167,0.30345795,0.77679354,-0.55181974,2.1553411,1.1983722
42,0.6553063,-0.12464562,0.12746502,0.27181876,0.0030428167,0.012368768,-0.13436286,0.87388104,0.4131131,0.21821113,-0.026380273,2.356584,0.85950124,0.27036706,0.78066236,-0.56344295,2.1693437,1.2373945
43,0.65983415,-0.124594934,0.12596829,0.27158692,0.0030402215,-0.15108924,-0.13253072,0.87709916,0.41702643,0.19804455,-0.026318662,2.3510802,0.8574938,0.23687181,0.78404105,-0.57373464,2.1818547,1.2773988
44,0.6643581,-0.12454429,0.1217488,0.2713432,0.003037493,-0.31439778,-0.1306453,0.8799289,0.42074955,0.17783904,-0.026257295,2.3455982,0.8554945,0.20303352,0.7869271,-0.5826861,2.1928263,1.318295
45,0.6688778,-0.124493696,0.1148093,0.27107847,0.0030345295,-0.47753006,-0.12870781,0.8823718,0.42428216,0.15760373,-0.026196174,2.3401384,0.8535031,0.16891333,0.7893189,-0.5902914,2.2022161,1.3599772
46,0.6733378,-0.12444377,0.116818994,0.26751512,0.0029946405,0.059228256,-0.12616093,0.88450986,0.42751464,0.13768426,-0.026053008,2.327349,0.772002,0.13569488,0.7910226,-0.59654856,2.20999,1.4009063
47,0.67779404,-0.12439389,0.116102844,0.26728845,0.002992103,-0.10426996,-0.123567335,0.8862743,0.43056148,0.11775318,-0.025993137,2.3220007,0.77022785,0.10231656,0.79229206,-0.601502,2.2161763,1.4423672
48,0.6822346,-0.12434418,0.11523029,0.26563337,0.0029735756,0.040391132,-0.12080623,0.8876834,0.43340534,0.09789709,-0.025888316,2.3126369,0.73342997,0.06908711,0.7931066,-0.6051519,2.220753,1.4839061
49,0.68665695,-0.12429467,0.114721015,0.26480612,0.0029643152,0.00186799,-0.11785463,0.8887458,0.43604523,0.07813922,-0.025816945,2.3062613,0.7175397,0.036111914,0.79348487,-0.6075176,2.223728,1.5253172
50,0.6910606,-0.124245375,0.1147464,0.26386684,0.0029538006,0.0013382148,-0.1147071,0.88946646,0.438486,0.05849523,-0.025725372,2.298081,0.6973833,0.0034641775,0.79345685,-0.6086166,2.2251122,1.5664304
51,0.6954486,-0.12419625,0.114764586,0.262929,0.002943302,0.00095868774,-0.11139427,0.8898463,0.44073445,0.03896206,-0.025633937,2.289913,0.6772618,-0.028850095,0.7930521,-0.60847026,2.224928,1.6071589
52,0.699821,-0.12414731,0.11477762,0.2619927,0.002932821,0.00068679714,-0.1079183,0.8898899,0.44279516,0.019547857,-0.025542654,2.2817583,0.6571797,-0.06078052,0.792297,-0.60710067,2.2232032,1.6473607
53,0.7041778,-0.12409854,0.114786945,0.26105806,0.0029223585,0.0004920166,-0.10428145,0.8896018,0.4446728,0.0002604795,-0.025451533,2.2736185,0.63714,-0.0922788,0.79121774,-0.6045321,2.2199748,1.6869006
54,0.70851904,-0.12404994,0.114793636,0.26012516,0.0029119153,0.00035247725,-0.10048605,0.8889868,0.44637206,-0.01889251,-0.02536058,2.2654936,0.61714447,-0.12329871,0.78984094,-0.6007901,2.2152855,1.7256522
55,0.7128447,-0.12400152,0.11479843,0.25919405,0.002901492,0.00025251223,-0.09653451,0.8880496,0.44789767,-0.03790383,-0.025269803,2.2573843,0.5971945,-0.15379614,0.78819263,-0.59590197,2.2091846,1.7635001
56,0.717155,-0.12395327,0.114801854,0.25826472,0.0028910886,0.00018089797,-0.09242931,0.88679475,0.44925433,-0.05676647,-0.025179198,2.2492905,0.57729083,-0.18372895,0.786299,-0.5898962,2.2017267,1.8003409
57,0.72144973,-0.12390519,0.11480431,0.25733718,0.0028807058,0.00012959403,-0.08817297,0.885227,0.45044684,-0.07547368,-0.02508877,2.2412124,0.5574339,-0.21305716,0.78418595,-0.5828028,2.1929698,1.8360846
58,0.72572905,-0.12385729,0.11480608,0.2564115,0.0028703432,9.284026e-05,-0.08376811,0.88335115,0.4514799,-0.09401898,-0.024998521,2.2331502,0.5376238,-0.24174277,0.781879,-0.5746527,2.182976,1.8706554
59,0.7299929,-0.12380955,0.11480734,0.25548762,0.002860001,6.65101e-05,-0.07921734,0.88117176,0.4523583,-0.11239614,-0.024908448,2.225104,0.51786053,-0.26974982,0.77940327,-0.56547815,2.1718092,1.9039906
60,0.7342414,-0.123762,0.11480824,0.25456554,0.0028496792,4.7647372e-05,-0.07452337,0.87869364,0.4530868,-0.13059917,-0.024818553,2.2170734,0.49814397,-0.2970444,0.7767835,-0.55531245,2.159535,1.9360415
61,0.7384746,-0.12371461,0.11480889,0.2536453,0.0028393776,3.4134242e-05,-0.06968893,0.8759214,0.45367008,-0.14862232,-0.024728833,2.2090588,0.47847387,-0.3235945,0.77404404,-0.5441897,2.1462193,1.9667715
62,0.7426925,-0.1236674,0.11480935,0.25272682,0.002829096,2.445353e-05,-0.06471681,0.8728598,0.45411298,-0.1664601,-0.024639288,2.2010596,0.4588499,-0.34937012,0.77120835,-0.5321449,2.1319282,1.996156
63,0.746895,-0.123620346,0.114809684,0.25181016,0.0028188345,1.7518338e-05,-0.059609827,0.8695134,0.45442015,-0.1841072,-0.024549918,2.1930761,0.43927175,-0.3743432,0.76829964,-0.51921374,2.116727,2.0241807
64,0.75108236,-0.123573475,0.11480992,0.25089526,0.002808593,1.2550014e-05,-0.05437084,0.8658869,0.4545963,-0.20155859,-0.024460722,2.185108,0.41973904,-0.39848745,0.7653402,-0.50543267,2.1006796,2.0508406
65,0.7552544,-0.123526774,0.114810094,0.2499821,0.002798371,8.990741e-06,-0.049002744,0.86198497,0.45464617,-0.21880941,-0.024371697,2.1771553,0.4002514,-0.42177862,0.76235175,-0.49083862,2.0838485,2.076139
66,0.7594113,-0.12348024,0.11481021,0.24907072,0.0027881686,6.4409037e-06,-0.043508466,0.85781205,0.45457435,-0.23585507,-0.024282841,2.1692178,0.38080844,-0.44419435,0.75935537,-0.47546908,2.0662935,2.1000855
67,0.76355296,-0.12343387,0.1148103,0.24816106,0.0027779855,4.614218e-06,-0.03789097,0.8533729,0.45438552,-0.25269115,-0.024194155,2.1612954,0.36140972,-0.46571377,0.75637114,-0.45936197,2.048073,2.1226954
68,0.7676795,-0.12338768,0.11481036,0.24725312,0.0027678218,3.3055933e-06,-0.032153253,0.84867185,0.45408428,-0.2693134,-0.024105636,2.1533878,0.3420549,-0.486318,0.7534185,-0.44255555,2.0292428,2.1439888
69,0.771791,-0.12334166,0.11481041,0.24634689,0.0027576773,2.3681039e-06,-0.026298326,0.8437136,0.45367515,-0.28571784,-0.024017286,2.1454952,0.32274354,-0.50598985,0.75051594,-0.42508838,2.0098557,2.1639888
70,0.77588737,-0.1232958,0.114810444,0.24544235,0.0027475515,1.6964929e-06,-0.020329243,0.8385024,0.4531627,-0.30190066,-0.023929099,2.1376173,0.30347526,-0.52471375,0.7476812,-0.40699908,1.9899627,2.1827214
71,0.7799686,-0.12325011,0.11481047,0.24453948,0.0027374446,1.2153555e-06,-0.014249072,0.83304286,0.4525514,-0.31785822,-0.023841074,2.129754,0.28424966,-0.5424759,0.744931,-0.38832682,1.9696115,2.200214
72,0.7840349,-0.1232046,0.11481048,0.24363829,0.0027273565,8.706722e-07,-0.0080609135,0.82733923,0.45184568,-0.33358702,-0.023753213,2.1219053,0.2650664,-0.5592638,0.7422813,-0.36911035,1.9488479,2.2164948
73,0.7880862,-0.123159245,0.1148105,0.24273874,0.0027172866,6.2374335e-07,-0.0017678854,0.82139593,0.45104995,-0.34908387,-0.023665512,2.114071,0.24592504,-0.5750669,0.7397469,-0.34938878,1.9277151,2.2315936
74,0.7921225,-0.12311406,0.114810504,0.24184082,0.002707235,4.4684543e-07,0.0046268716,0.8152172,0.4501686,-0.36434558,-0.023577971,2.1062508,0.22682522,-0.5898758,0.73734194,-0.329201,1.9062537,2.2455392
75,0.79614383,-0.12306905,0.11481051,0.24094452,0.0026972017,3.2011687e-07,0.011120196,0.8088074,0.4492059,-0.3793693,-0.023490587,2.0984447,0.2077666,-0.6036828,0.7350794,-0.30858603,1.8845025,2.25836
76,0.8001502,-0.123024195,0.11481051,0.24004984,0.0026871862,2.293295e-07,0.017708909,0.8021706,0.4481661,-0.39415216,-0.023403361,2.0906527,0.18874884,-0.6164815,0.7329713,-0.28758243,1.862498,2.2700841
77,0.80414176,-0.122979514,0.11481052,0.23915674,0.0026771887,1.6429004e-07,0.02438981,0.795311,0.4470534,-0.40869164,-0.02331629,2.0828745,0.16977154,-0.6282668,0.7310288,-0.2662288,1.8402748,2.2807386
78,0.8081184,-0.122935,0.11481052,0.23826522,0.0026672087,1.1769626e-07,0.031159688,0.7882327,0.44587195,-0.4229852,-0.023229372,2.07511,0.15083438,-0.6390351,0.7292618,-0.24456345,1.8178657,2.290349
79,0.8120802,-0.12289065,0.11481052,0.23737526,0.0026572463,8.431676e-08,0.03801531,0.7809398,0.44462585,-0.43703055,-0.023142608,2.0673592,0.13193703,-0.6487839,0.7276797,-0.22262429,1.7953018,2.2989395
80,0.8160272,-0.12284646,0.11481052,0.23648685,0.0026473012,6.040388e-08,0.044953424,0.7734363,0.4433191,-0.4508255,-0.023055993,2.0596218,0.11307917,-0.6575122,0.72629046,-0.20044905,1.7726126,2.306533
81,0.8199594,-0.122802444,0.11481052,0.2356,0.0026373733,4.3272983e-08,0.05197078,0.76572615,0.4419557,-0.46436805,-0.022969529,2.0518978,0.09426047,-0.66521996,0.7251012,-0.17807499,1.7498262,2.3131511
82,0.82387686,-0.12275859,0.11481053,0.23471464,0.0026274626,3.10004e-08,0.059064098,0.7578132,0.44053954,-0.47765625,-0.022883214,2.044187,0.075480625,-0.67190826,0.72411805,-0.15553883,1.7269692,2.318813
83,0.8277796,-0.12271491,0.11481053,0.23383081,0.0026175687,2.2208459e-08,0.06623009,0.7497014,0.43907446,-0.49068832,-0.022797044,2.0364895,0.056739334,-0.6775795,0.7233461,-0.13287714,1.7040676,2.3235373
84,0.83166754,-0.12267138,0.11481053,0.23294847,0.0026076913,1.5909999e-08,-0.07346546,-0.74139446,-0.43756425,0.5034626,-0.022711022,2.028805,0.0380363,-0.6822371,0.72278965,-0.11012587,1.681146,2.3273401
85,0.83554083,-0.122628026,0.11481053,0.2320676,0.0025978307,1.139784e-08,-0.080766894,-0.73289615,-0.43601263,0.5159776,-0.022625143,2.0211334,0.01937124,-0.68588525,0.72245175,-0.087320186,1.6582279,2.330236
86,0.8393995,-0.12258483,0.11481053,0.23118821,0.0025879866,8.165272e-09,-0.08813107,-0.7242102,-0.43442327,0.52823186,-0.022539409,2.0134747,0.0007438718,-0.68852943,0.7223348,-0.064495035,1.6353362,2.3322384
87,0.8432435,-0.1225418,0.11481053,0.23031028,0.0025781589,5.849564e-09,-0.09548923,-0.7153484,-0.4327515,0.5402634,-0.022453815,2.0058284,-1.1367693e-13,-0.69030696,0.7223149,-0.0416831,1.6124915,2.3335397
88,0.84707284,-0.12249893,0.11481053,0.22943379,0.0025683471,4.190631e-09,-0.10279279,-0.706321,-0.43096557,0.5520987,-0.022368362,1.9981949,-4.2214303e-14,-0.6913175,0.7223036,-0.018911427,1.5897089,2.3342783
89,0.85088766,-0.12245622,0.11481053,0.22855873,0.0025585517,3.0020868e-09,-0.110040106,-0.6971327,-0.42906725,0.5637362,-0.022283051,1.9905739,2.9537333e-14,-0.6915686,0.72230077,0.0037943793,1.5670019,2.3344617
90,0.85468787,-0.12241369,0.11481053,0.22768514,0.0025487721,2.1506983e-09,-0.11722955,-0.6877881,-0.42705843,0.57517457,-0.02219788,1.9829655,-1.522947e-13,-0.69106877,0.72230643,0.026409427,1.5443839,2.3340967
91,0.8584735,-0.12237131,0.11481053,0.22681296,0.0025390089,1.5406932e-09,-0.12435956,-0.6782921,-0.42494103,0.58641255,-0.022112848,1.9753695,4.4266064e-13,-0.689827,0.7223203,0.048909057,1.5218678,2.3331888
92,0.86224467,-0.12232909,0.11481053,0.22594221,0.0025292614,1.1037593e-09,-0.13142861,-0.66864914,-0.42271692,0.59744895,-0.022027956,1.9677858,7.538496e-14,-0.6878532,0.72234243,0.07126967,1.4994662,2.3317423
93,0.8660013,-0.12228704,0.11481053,0.22507288,0.0025195298,7.907158e-10,-0.13843524,-0.65886396,-0.42038798,0.60828274,-0.0219432,1.9602146,-2.9095534e-14,-0.68515813,0.72237253,0.09346793,1.4771918,2.3297613
94,0.86974347,-0.12224515,0.11481053,0.22420496,0.0025098142,5.664828e-10,-0.14537805,-0.64894116,-0.41795617,0.61891294,-0.021858584,1.9526558,-1.4098792e-13,-0.68175286,0.7224107,0.11548115,1.4550569,2.3272474
95,0.8734712,-0.12220342,0.11481053,0.22333845,0.0025001143,4.0584783e-10,-0.15225567,-0.6388854,-0.4154234,0.6293386,-0.021774106,1.9451091,-2.0774747e-13,-0.6776493,0.7224566,0.13728738,1.433074,2.3242025
96,0.8771845,-0.12216185,0.11481053,0.22247335,0.0024904301,2.9072758e-10,-0.15906678,-0.6287011,-0.41279158,0.6395591,-0.021689763,1.9375747,1.14463365e-14,-0.6728601,0.7225102,0.15886539,1.411255,2.3206275
97,0.8808834,-0.12212045,0.11481053,0.22160965,0.0024807614,2.0830936e-10,-0.16581011,-0.6183928,-0.41006264,0.6495737,-0.021605559,1.9300525,2.6026788e-13,-0.66739833,0.7225714,0.18019462,1.3896121,2.3165216
98,0.88456786,-0.1220792,0.11481053,0.22074734,0.0024711085,1.4922849e-10,-0.17248446,-0.6079651,-0.40723854,0.65938175,-0.021521488,1.9225425,4.390131e-13,-0.6612776,0.72263986,0.20125508,1.3681573,2.311884
99,0.888238,-0.12203812,0.11481053,0.2198864,0.0024614711,1.06937195e-10,-0.17908865,-0.5974225,-0.4043212,0.6689828,-0.021437554,1.9150444,-1.1330488e-13,-0.65451205,0.7227156,0.22202727,1.3469032,2.3067126
100,0.89189386,-0.12199719,0.11481053,0.21902686,0.0024518492,7.656412e-11,-0.18562157,-0.5867692,-0.4013126,0.6783765,-0.021353753,1.9075584,3.653252e-13,-0.6471164,0.7227984,0.24249297,1.3258616,2.301005
101,0.89553535,-0.12195643,0.11481053,0.2181687,0.0024422426,5.477472e-11,-0.19208215,-0.57600987,-0.3982146,0.6875625,-0.021270087,1.9000845,5.0909585e-15,-0.63910574,0.72288805,0.26263422,1.3050451,2.2947574
102,0.8991626,-0.121915825,0.11481053,0.2173119,0.0024326514,3.9369848e-11,-0.19846936,-0.5651487,-0.39502925,0.69654053,-0.021186555,1.8926225,-3.5526825e-13,-0.6304956,0.7229845,0.28243366,1.2844661,2.2879665
103,0.9027755,-0.121875376,0.11481053,0.21645647,0.0024230755,2.8174907e-11,-0.20478222,-0.55419004,-0.39175844,0.7053105,-0.021103157,1.8851724,1.0030964e-13,-0.62130183,0.7230874,0.30187526,1.2641373,2.2806273
104,0.9063742,-0.12183509,0.11481053,0.21560241,0.0024135148,2.0158805e-11,-0.2110198,-0.54313827,-0.3884041,0.7138724,-0.021019889,1.8777341,7.697941e-14,-0.6115409,0.7231966,0.32094297,1.2440714,2.272735
105,0.9099587,-0.12179497,0.11481053,0.2147497,0.0024039692,1.4435869e-11,-0.2171812,-0.5319975,-0.38496816,0.7222261,-0.020936755,1.8703076,3.246714e-13,-0.60122925,0.723312,0.339622,1.2242813,2.2642844
106,0.91352904,-0.121755004,0.11481053,0.21389833,0.0023944387,1.0332998e-11,-0.22326562,-0.520772,-0.38145262,0.7303718,-0.020853752,1.8628929,2.8073328e-13,-0.59038377,0.7234335,0.357898,1.2047806,2.255269
107,0.9170851,-0.121715195,0.11481053,0.21304831,0.0023849234,7.395522e-12,-0.22927222,-0.50946593,-0.37785935,0.73830956,-0.020770881,1.8554899,3.815255e-13,-0.5790218,0.7235607,0.37575737,1.1855824,2.2456832
108,0.9206271,-0.12167554,0.11481053,0.21219963,0.0023754232,5.287784e-12,-0.23520024,-0.49808338,-0.3741903,0.7460398,-0.02068814,1.8480984,-2.7345412e-14,-0.5671607,0.7236935,0.39318755,1.1667005,2.2355208
109,0.92415494,-0.12163605,0.11481053,0.21135229,0.0023659377,3.8445844e-12,-0.241049,-0.48662844,-0.3704474,0.75356275,-0.020605529,1.8407187,1.2100385e-14,-0.5548182,0.72383165,0.41017625,1.148149,2.224775
110,0.92766863,-0.12159672,0.11481053,0.21050628,0.002356467,2.740523e-12,-0.24681783,-0.47510517,-0.36663255,0.76087886,-0.020523049,1.8333505,-1.3121948e-13,-0.54201204,0.72397494,0.42671207,1.1299422,2.2134402
111,0.9311683,-0.12155754,0.11481053,0.20966159,0.0023470114,1.9236904e-12,-0.25250608,-0.4635175,-0.36274767,0.7679885,-0.020440696,1.8259939,6.949908e-14,-0.5287602,0.72412336,0.4427844,1.1120946,2.2015095
112,0.9346539,-0.12151852,0.11481053,0.20881821,0.0023375705,1.3965218e-12,-0.25811318,-0.45186937,-0.35879466,0.7748923,-0.020358473,1.8186488,1.7460751e-13,-0.5150809,0.7242764,0.4583833,1.0946211,2.1889772
113,0.9381254,-0.12147966,0.11481053,0.20797615,0.0023281444,9.993673e-13,-0.26363856,-0.4401647,-0.35477537,0.7815908,-0.020276377,1.8113152,4.5837134e-14,-0.5009924,0.72443414,0.47349954,1.0775366,2.175838
114,0.9415829,-0.121440955,0.11481053,0.20713541,0.0023187327,7.634726e-13,-0.26908177,-0.42840728,-0.35069174,0.7880847,-0.02019441,1.8039929,-4.108476e-14,-0.48651293,0.7245963,0.48812437,1.0608569,2.1620867
115,0.9450264,-0.12140241,0.11481053,0.20629595,0.0023093356,5.1524757e-13,-0.2744423,-0.41660094,-0.34654564,0.79437476,-0.020112569,1.7966819,1.3587344e-13,-0.47166094,0.7247625,0.5022502,1.0445973,2.1477196
116,0.9484559,-0.12136402,0.11481053,0.2054578,0.0022999533,3.6424336e-13,-0.2797197,-0.4047494,-0.34233886,0.8004617,-0.020030854,1.7893823,-1.5776199e-14,-0.45645487,0.72493273,0.5158697,1.0287738,2.1327336
117,0.9518715,-0.12132578,0.11481053,0.20462096,0.0022905853,2.517639e-13,-0.28491363,-0.39285636,-0.33807334,0.8063464,-0.019949267,1.7820939,-2.8356083e-14,-0.44091323,0.7251067,0.5289762,1.0134027,2.1171262
118,0.95527315,-0.1212877,0.11481053,0.20378539,0.0022812318,2.0128343e-13,-0.29002374,-0.38092545,-0.33375087,0.8120298,-0.019867804,1.7748168,1.8199339e-13,-0.42505425,0.7252842,0.54156405,0.9984998,2.1008968
119,0.9586609,-0.12124978,0.11481053,0.20295112,0.0022718925,1.8375579e-13,-0.29504967,-0.36896023,-0.3293733,0.81751287,-0.019786468,1.7675508,-2.7375354e-13,-0.4088965,0.7254651,0.5536281,0.9840817,2.0840466
